{"albums": [
            {"title": "Blackstar", "artist_id": 1},
            {"title": "Space Oddity", "artist_id": 1},
            {"title": "Let's Dance", "artist_id": 1},
            {"title": "Hot Fuss", "artist_id": 2},
            {"title": "Sam's Town", "artist_id": 2},
            {"title": "Live at the Apollo", "artist_id": 3},
            {"title": "Papa's Got a Brand New Bag", "artist_id": 3},
            {"title": "It's a Man's Man's Man's World", "artist_id": 3},
            {"title": "Say It Loud – I'm Black and I'm Proud", "artist_id": 3},
            {"title": "Lemonade", "artist_id": 4},
            {"title": "Dangerously in Love", "artist_id": 4},
            {"title": "The College Dropout", "artist_id": 5},
            {"title": "Yeezus", "artist_id": 5},
            {"title": "The Life of Pablo", "artist_id": 5},
            {"title": "Encore", "artist_id": 6},
            {"title": "Recovery", "artist_id": 6},
            {"title": "Remain in Light", "artist_id": 7},
            {"title": "Little Creatures", "artist_id": 7},
            {"title": "True Stories", "artist_id": 7}
            ],
  "artists": [
              {"id": 1, "name": "David Bowie"},
              {"id": 2, "name": "The Killers"},
              {"id": 3, "name": "James Brown"},
              {"id": 4, "name": "Beyoncé"},
              {"id": 5, "name": "Kanye West"},
              {"id": 6, "name": "Eminem"},
              {"id": 7, "name": "Talking Heads"}
              ]
}